filename,label
001_99C9D200441241E1820B2090CB868B35.png,Tncq
002_2AA91636C2CE4C9587FD26A760C1804B.png,9Wbv
003_B3C142D929C74FD69B24F053E100EBAD.png,4pwk
004_8BA7A326B77E414BA75B897B0ED77741.png,rEhS
005_949E0CD7B28F4CA18888BF55DC8026D1.png,qHVD
006_ACAF88E4264748D8B09371B69C0AC46F.png,FGtY
007_AFA11FFA946641EFA8AE0E49BA865B19.png,j4jh
008_703E0A23ACE24E788F15D1B0C8D6D740.png,zz9w
009_82DBE7C7B64A445499F0CA1648BDA395.png,ViGa
010_10BCEA818F0746E3912BAB98E3BD8023.png,Hzgz
001_8CB8DE3430CF4CCDB4FF306789BBB0B3.png,D3sW
002_3B96A46343444488A84B016AF6217837.png,7mmZ
003_074BE7B4151B46A48BD93A7E4757D1A0.png,s2it
004_0EB66D157A574E9BA000C4B82D8BA3F5.png,2Rsv
005_0CC2902F87304500B02A31B46DE70106.png,dDVQ
006_CB93A943522340BB9FD8B2B5031BD4AA.png,545S
007_2118BDE327EC4F00BB4A2073D4957A44.png,WJUr
008_6CC4057D597A444E91E43BBDA186B405.png,hdGR
009_E72938EB05F04298AE29D801DBF110B6.png,ZG2p
010_5AE0DCBA656F4C108D73814D80BCBE35.png,DhTD
001_D43510322BEB415597E14F5FDB6E838E.png,XugE
002_6FCBFA0EFB324767925DF0065A65ECE2.png,7UfW
003_479DB519D9FE47ACB889A9FCB35FB255.png,xmFd
004_F7AE6989C9384393A438A7127D92A44F.png,G4gT
005_F812FFD4599B4528899D88E93605A566.png,GDip
006_11D3076D32B9402580FFBFFA705C01B1.png,Wn9K
007_7A45E1C2573C43CE92773F41FCD0274C.png,gQhU
008_F59A0BC665024D49B4C3050D43DDA7B8.png,HAmB
009_ABD2DAF9881445199B203C57D06BE115.png,2f6k
010_E02BE8026A4C4551804AC2F0DB211484.png,Cfnv
011_9DD00ECDE3044EA2BB31E0877DD71343.png,RkSf
012_F34C2D80EED8466896D9908758AB10FE.png,7ipc
013_CE93CFCA0EEC4078A250D6E88BA8DC57.png,FawS
014_07220D3612D94F749D2FED034A07C14E.png,YLtz
015_83FF9FE8649542B4A4ECFB44B6EED831.png,pQEA
016_6F4EC754AB9C4AC98D2C64D3A8FBEB9B.png,ncuZ
017_4A5AAC093B614681839D9D1BFF154254.png,Xg36
018_A8448ED32A634F0DB33619CD3005741E.png,3uvt
019_1934015DB4C04438B901B967DABB8FC8.png,jbR6
020_D64CE14C58564AF4B1AAC3A7F831D6A7.png,VQzY
021_D54729C76EA94060AB37482F1111DC8F.png,EVQQ
022_004754A328E2433094A9E885FC5FC1AB.png,9mg8
023_C17329F64F4A436C88097FEBE87799E9.png,4v3L
024_9DC8AD71094246908BEF383AF6223188.png,SUiA
025_7185BBEAEDF14B54B6A466A59BB2D4F9.png,XD2M
026_22F3EAD903F947518900D734BBB7071A.png,b6yz
027_B8C9B6E73FBA4C668AA0695612770782.png,FWA4
028_8240683085314067AE181F46B64FBE87.png,mqWJ
029_2E6F043706814AB98F6C76ACB2DD419B.png,z8Rb
030_E652564118CA4D5796D792F6E8308E18.png,Qc5w
031_838969F8BB31457EAE70D2B251D8799C.png,DXAY
032_227F9A4FE25C49DC92431CAD8D39C7D3.png,Bt9H
033_4890C22D653841A7AD6A507DF7619876.png,hBfA
034_735CF1AD63F148C5AFAD43595699F87E.png,zeq7
035_5DAE1F8D55634A06B1752E9E0D0D2D51.png,rCGe
036_B37277635CB8484198245F21CC36AEA3.png,bbyq
037_623EF52E1DBF4E638C1FFE878B5CF17B.png,5nUb
038_D27DCF8C6C464251B5789834F6094DC1.png,zkb7
039_864DC34B0F274A2F9B8FC7B37FA22E42.png,JVYz
040_668D9DDEBCF6485BB9E57E25BCA4267A.png,fJMR
041_038AE7EC38D04245A32732A435EC96F7.png,JxP7
001_5F952A0C99224D59B4D3B6EF6C41C895.png,WvNK
002_E464E088F3C84E17A428EBADF08DE2F0.png,rpV2
003_EB369D2C588A4CB79C91FCD9A721ADCE.png,8K2k
004_A654110D368740BDA9D8FF7A33588522.png,jH29
005_B93EF694AFDD4DBF8C984DB90B240B37.png,uESN
006_AF3E5D7A7B114800AAD1114B66CAA18B.png,hDTz
007_B243B31BFC58496AB189B24C6CC714CB.png,HkJV
008_A913F4F12B734B4A872D072E23E4F9E2.png,2fdn
009_406E296991A64BFE9FE7DF1A239BD61C.png,ijBV
010_7070F4B44BF74B3BB3E70240E355A774.png,HB5v
011_E0BA14425C41491387D9EB7642CAC666.png,hrXX
012_81C9CD64808143B5BDFDD38DE0BC5664.png,rt5v
013_98A594EF970F40898EBB3AD9930DE30A.png,GFVT
014_AD67CE3D1EDB4F45BA0EA7CB904922ED.png,V5Fc
015_35017BA820B3449CBA68B877F645E9F4.png,zn22
016_1BEBA03A055C4088878659686976D426.png,pwdx
017_FDF69A2EBB62499C88DEDBE54805B6E7.png,4FdQ
018_E966B4B3B3F746989C3AE28343020C20.png,qH5n
019_D0B34F646B3244029CAAC2A06127C4BF.png,4cjV
020_CCA3EA5667BA4A429FB6851DB058D647.png,pCEi
021_1399B638DBAF4E09A77551962846F7B3.png,mYMt
022_728ECF96ADD345668B28BB8D95066245.png,ErLD
023_7A16223E1E3646FD9823F58943331679.png,2F69
024_0A0C2FA9D648442B94FC50B39346A7F4.png,eUB5
025_5461C7BD8D454AF288DF6C19B31476A1.png,6sPQ
026_928551D48CE543268AB763184E14FADC.png,6VAx
027_9E12A71A65F642E0BADDB0EDBCC6D6F9.png,p20W
028_B37EBF5C64214D958738DC2FCD943649.png,qzsV
029_ADE069CF22554065B30324457A57C3DD.png,azTD
030_3C5E8D20678640C59E311FFA83B5CF40.png,9ym9
031_1A29EA3F02AC485E9DADDE2E2401D28C.png,eJaH
032_B8B9D369357646F986FD89EA8EC9883D.png,d247
033_AD36573603044CE39E29F118F70FF731.png,yBS3
034_49E62581676347D09D499A4773362E0F.png,hvNV
035_C7917BD9DF754A7F9620CE2813B8C0A9.png,BAyX
036_CE158C8330CE4142AF62C25C7DE75700.png,4w9w
037_2184F57C70074B3C867D1F90C25A79F1.png,aaiC
038_A15D50690716490988008A81840D5D70.png,RmTe
039_7BB56872955A4C2EB704CB2424029ABC.png,QvKs
040_8127D4EB350146D3A863E4F8A17DC3C6.png,Ncvi
041_88AFADA3A4244CF8ADA03491A22391E1.png,RKgu
042_02E2AF29903847EE865CB56C33FBE2AD.png,K8kz
043_23466007479F403DB360B72D2C2B72D0.png,8yLj
044_D54586CF71664477BD125791001E43A2.png,Hhqe
045_D2F4E3871815470F8D17F3FF93AC98E6.png,Cada
046_F80861A971E64362A8CE88D6895CF1F3.png,sSqz
047_E5A8C468C358494A8D4C2758A862DFF5.png,uXbw
048_517DE5D381C74319B9D1BDA1595246E7.png,6Cqf
049_1E421C7848EB4F0799C2EBBE3F7A6841.png,qrX2
050_209BA6C553F54055B99AFF1B1678D673.png,c8nz
001_6245C81364504BABB6A6CBD75B5615B1.png,LvQT
002_1AEA2A1ABCFB4A39B11EC9985FED1DAC.png,dLd3
003_D0431137CE28438D8C0EB442366E9428.png,Junw
004_EE3B21181E0B494BB3F175779C29E419.png,s77h
005_F17B5BE24FEB475194A9D25D2AC9A784.png,xSLw
006_420B86E0D54D498381D5CBDF4002FA14.png,EGcG
007_7E186E60AEFA4ABC8192B685AED58C04.png,vJeN
008_AA3D310A21D543209E8681A887217920.png,ugHW
009_06BB46EDDFE0452FA1E2C80A815179FD.png,acjH
010_B05EBFB44E924461B27791CFE4EB093F.png,fu3t
011_04BA9FDDD02A4A3D88669DF77F7C0BBD.png,T8XB
012_875A9D98E9F34E17AF64205FC5B5DF41.png,yXfs
013_2A9659FD7744449EBC0CB5CD4B5B9202.png,aL7h
014_861709A9C6F0488CA4410B2388D06D29.png,P8Fx
015_542B8400CCB44BBA9B7B4F99C34143DE.png,DxTm
016_D6C69321ACB94851BD3860B5B8967BD7.png,a95U
017_8968E1B5E44540D3A19C1B1E3D2DB688.png,HHtf
018_05A981EE5E1349B4B443FFD35ECFBE42.png,vprq
019_54458096E68D48029F314FB3C3222BCE.png,JkRX
020_403E81BA2BDA4B82AFE88C1227E29818.png,HvZr
021_A4279FFC8C364E2AB93CF00623A3029E.png,ieZe
022_AAD8D7AD999B455C992FF4A23055F174.png,dunE
023_BCFFE9DBC1D04141B50816D5A9DC90DE.png,qsAd
024_2C44BC02545E44E7B1D77FCBC1FCC92A.png,szDs
025_E2F4B9B6ED20425E8DD3B23A7F5A4BD6.png,TDpA
026_FC8F98892114411490DC3E1F654A09BE.png,vdXM
027_3793C3B3C77F41F28A2DCB29062F8ABA.png,Dcs7
028_0A3C697F9FFE4CD693A3290E1A62B63C.png,Mt2C
029_9FAACFA2F0AE44688A801CB880A0C465.png,dgv3
030_0C4BC22BCBE946AAA3EDE07840276FBB.png,Nmf5
031_0AFF1F2F543E43E49021FC7CA2C14D23.png,PEYB
032_C29F404C1DE443E3BA101113F0238B0F.png,8f7A
033_B00DEF43ED804E3998952155092E2CBD.png,AqtM
034_B5CCD03D61F04870ACF120017A1B93A1.png,kHyE
035_09A94AB7234F4E3298E98275E46B54CB.png,wt44
036_DFAF290007E1464898B1559B09B510CD.png,FHYF
037_FCDCBE5EE6A742E9BE80F7C003E1DBD9.png,zU7W
038_8C4EF8BE3DB34AAC82EFCE595A3E3EDF.png,pPyE
039_E3A88FDF91ED4910B0F9D5587FEB4181.png,RqKJ
040_6FE22B8C6EEF4EA9AC8FCE54DFC8E907.png,bWs5
041_703A882FFB95480F9619AD98B12A6823.png,R9gn
042_0C936B8B5EB74361AC93C67DB052049E.png,u3q8
043_C251748B858C47709102D1F4BC3E65F1.png,qW9U
044_6C9DD8D9F7C04F07BDFC0F4799E77A5B.png,ZyBi
045_9ABF49DE9D774F9982A09157D16CD8E7.png,ZQHT
046_4A35516EE27047368026C511757DBBFA.png,nPw9
047_01298E5172F847D683545849A3E26D94.png,yfKE
048_C1C41E5950B04274BD19325455B188FD.png,Ct9V
049_094F395A35244F1C8913DF1544724777.png,zAxY
050_8905462AE7DE460BB6844855AECCB7C9.png,5FyR
001_A1DEC8C792C94348BD44CA552779CC29.png,Uwpu
002_1C9C5E1CDE714191871A4B2899042899.png,MnVt
003_0512E47EA6D24DE9B11506BEDD3D42E5.png,TYAL
004_9DFBCE56B273437BBE59F10C08E65023.png,kjaa
005_5E2DB5CC05B942FA83437E6AAC71E7F7.png,CxuD
006_CD1275F8DFDF424AA5421DB637117BC3.png,sNQq
007_040649FF8E364A46A35EBA07D96663B2.png,kQn2
008_A9C228088D394251932243B32FEF9FBA.png,K6y9
009_497B6DBC1F764492B06F7CEC4523CD6A.png,BG9q
010_04FFFFF84ABB4058B39337B5707BCB42.png,NRTz
011_30CCDC9CAFC14A4E8EADE8A8B5E1A5C6.png,e5UJ
012_AD5E55FEDD914DA2BBB00D17781B39B1.png,BZbs
013_AC84BD3A7037451EBC2C822CEAE8BB92.png,YacC
014_A95A712CF17E4DBFB7A7AF97E310B014.png,r8qP
015_0C3C492DF1F545588F4F3D09DB4500B9.png,cKWc
016_CB7569E8F9174033986E863DBE96D3B1.png,e2dC
017_7909EA0D4F6D465CA1F4956AC23E5925.png,b3k8
018_468BAF9C994C48FEA17BE282D474E2EF.png,HKVT
019_5C431B4784494373B11BC4C3158BE1E9.png,iyRv
020_A371132417DB4C729F5F5B434F119B8E.png,JufN
021_5FDDC02E2D41468C8DAF31F30EDAFD50.png,KEqK
022_D5138A3CF9754510A527027AD7E542A5.png,Rcjf
023_13E24C0F4F894F16AB084432B485D834.png,7myG
024_ACF157827CF240D5947CCA27319D2CD4.png,U3MD
025_219A0C8629C7416F9F9491EE58447FDB.png,e6av
026_43072BB6DFD94B7FBBCF5FA015B5678A.png,nhpB
027_0B7C4434270E4DF5A83851FD2478ADDF.png,JjFB
028_0FE0651BA70C40E9A1F585B055D0D3D3.png,YLEm
029_5C05B80B90A24E63AEF995980124C816.png,BgpV
030_87DB76AB38CD4373B9951037949BBBC7.png,Vv44
031_A99E8C4E1355487BBF8AD7ECF00075CD.png,S7PX
032_01020F78256E4CA1A95D5A01087148F4.png,CrpC
033_304559E429FF42FDB9A9EE77EE807C27.png,uP8i
034_1A6353A841A94EF585DCF933329EB71B.png,LXnY
035_F3468DADFBDC43638A94E4F9395E2D38.png,XdQw
036_EF7B0F2F66814B579BE12B78F506083F.png,GZzp
037_F9FC52E64AA5432AA1318DC9C86E636C.png,8Mwe
038_54EC16E2E10A490A9F7BA71A0440B5A1.png,zddE
039_D6B9E072524B40A7924113B830895B37.png,rKDh
040_0F63DEB7C02844F498CDB8D34744E942.png,R88P
041_00636848FA334853B8AF1BE643CC725E.png,6NER
042_026893A6D2FE43EAA17861410283B30B.png,YdpF
043_A527268185C8494A943302B21ECC84D1.png,jN27
044_608C46DF588C4B17B6622ECE3A72893B.png,aeUN
045_7DD57F0FF90C4F088FE8230F20D29EFF.png,r68G
046_5B6AAFA701B647E58D8B14DC2B3D110B.png,kf92
047_D876121D0321492693C52EEB9AFC3A8C.png,6GPT
048_51E167B0A3AB467DA0381DE06B6D7079.png,4wX4
049_788AF67182FB4A13AA6EB1F719B6D9EC.png,LizP
050_FEE463B62BAF4293A56209BCDF226C8F.png,xM5q
001_ED9DA69BE0954B5881CBC9D41D863008.png,C9mC
002_6DA7B9F3E2FA4258BE4C570B76FB17E9.png,EWzX
003_D5E9DDEF8BF74FCA8C658B4DB0BB2720.png,gkBb
004_58D363B65EE9461F9DED268C64B2F4FC.png,t8sy
005_996E2EA34D1544FE8C811F5E6D2E51E3.png,jQtU
006_A9DB4E0179984A80B8A3C13A3F623FC4.png,3cLi
007_E806938194C048FC8F1089F94D70CB2E.png,y77Z
008_7FF033623C594EB3A78E147B23E8C205.png,zq2E
009_B56472ADD57543E380AC73D0AF68FE2E.png,484b
010_F51F7E07824446BEB875B17D38EAAC2A.png,vv5V
011_9E0A21627C544A46961238662C9DA47A.png,Z5Af
012_1E8C97334EB54295B78957C7E29AECF7.png,XWJh
013_37C63CA172CA4E50BB1FEDC5F3A3A4A2.png,QZP5
014_B5A1C367F88642EAB784D7EA6B7BF8DF.png,dQZ5
015_95765301C2B743729C4D4934C013263A.png,Hw7b
016_3219A0E0729B4913B19966AB59F55CE5.png,PsLF
017_F28A2C7F735644079E9BC5F7CBC47A15.png,WPEY
018_B360FBDAC1394770B0AE8546028F5D3F.png,ihCK
019_AD2ADFF87CA8426EA6B995A576012121.png,bE9e
020_E7A436D2CB214534AC4CD66BD274F0C1.png,FzDc
021_0C41E9F510474327959A72AA54E1D5A9.png,tcqY
022_34A2D5BFCCC5478DAB45872034BF30E2.png,zju3
023_ECFF86ED3CD04F5C8249FABBC6CC1528.png,TcWB
024_50B7771C233E48F49CFDD4B650C68EC1.png,2cPB
025_6693C97E0447491CAC4D0ED59089019B.png,XC6e
026_88CF5CA0E45C4F8CB294C3F81D14CF02.png,L2jA
027_6BB52FE1E4FB41738BEB7E20E16D0739.png,4es7
028_7493C4EE2BAB4B7695D5D96D8C642516.png,Wt2L
029_BA310E119D714560AA52DDAB6CF57720.png,E3eX
030_ECE5760626BA405A89F285FD00394278.png,mjvr
031_41EBD05295534EDEAE27836AB0C52B0C.png,M8Np
032_3AABDCC7432A4A8CBEFD58C284F6D9D2.png,PLHX
033_1FFE90EF5A3542AE902FCDED918BB6A5.png,bHed
034_2AB0A4612D2D4D9595C5A7EF56CEC2E8.png,z3y8
035_AAC5A8F528AD40EEA3B898666601F9E6.png,GtpD
036_411E86A8F5BB4358A596720015144DD2.png,gGHk
037_C031BE6C87584C56A6DE88941C8CB361.png,RADZ
038_896B6B02CF294C758D43341FD53B0F06.png,dsQS
039_C654591A7E314637BEB8194785CAEF1A.png,Pm62
040_B1D5CAED0B1D4BD78BD72B2FA68AB15E.png,CuAM
041_0C84CCA386DE46C3B2733E0AC9B9A670.png,TviS
042_B3D97998D84E45E5A84E953D78C572DC.png,emNH
043_C726E6AD8FE7437A86DAC3B7239050C4.png,b7Ze
044_3E1703BEF198439FA3C60771F6D5D540.png,r6YZ
045_399D4DF50BCF4A6F9068BA5473FE33F3.png,fVzi
046_3ADA3FAF1A1D43A4A25325F1ADDDB04B.png,Umzq
047_74600E82B33A47EB94A24078A7738E03.png,pJQB
048_10167B43DC354761BFD5EE86604A3FDF.png,Z42Q
049_A41A12A410D74557867A97BB5002E906.png,ecWc
050_95CB18A6C6144E5E835AFBA1AF8E3385.png,Akaz
001_2C6F41E7D899472DB9136980537DCBDD.png,S4ff
002_066D7AA7660E42F58D3D26D5383D7D7D.png,zBmz
003_060C5D02931B4DDF8D76A05E981F23BA.png,6Xxm
004_6BD42BCB3BBF4E97A01C0421A9D5F210.png,BbkC
005_444CE3BA507E464F8C87A835D2351180.png,cgu3
006_C5DDEEAE17B94036B90A6C26C0A4A14A.png,rT49
007_2EAC7DE62CED4DD3B02ED8B3C6DC6EA5.png,My7G
008_28BFC766887E439697A9EEE68D6A2782.png,awwT
009_BB9DD4465B8D48CCB7A2627C9FDDF33E.png,kcim
010_3A08C7B648424A8483BE8293EE964A13.png,2qZu
011_145A2BE3D5E54C50B63C4F156E3D28A6.png,DdbA
012_9800689F5A834D5B8EBA379D3EDA1517.png,RWDZ
013_83D1B907715F43A185A981CBCA83BE15.png,Vc7t
014_BB2601A351074302B1D97A5249D63BB6.png,zLZs
015_CC0510867CF34ECA8A7395B975076F33.png,GDZZ
016_7EE0F3C2F7F24F66A92FAD1D1DE526B5.png,WL7q
017_CEC5663265D64F4F97D412C60E8DAB0D.png,pa5G
018_49970AC8781F4AF080C194D4A366B768.png,anFi
019_0BDBC126CD2349268B52090F1A11B5CF.png,uQXq
020_5880D79B6A904A97AC5E5222E7CC9505.png,GkTV
021_720012D6DE5A4956A60F1410DCB8EFC6.png,ypcW
022_067E3D481EFF44EFBA35001760BCC367.png,LkcE
023_68A796D7A4494A7798701DFE3C73B447.png,6dCd
024_FBDE7DA794FC435A9B0EF9379E940829.png,NCrB
025_587CBA3BF1414C8899B1A7580C412D6A.png,7cu7
026_F22FC92C030945018FD09A0D8B507B85.png,Aiv4
027_8073D574CCC4482A805357E9202DF7FB.png,zpqZ
028_976853B9F04749FE93AEB2811E949AB4.png,sre4
029_19A8A2C3F73D4824824460C57F3DCDE5.png,Ri7Y
030_262B6ADABAD14BC1AA55DFF69C327F66.png,hJ3X
031_20CA0AF96C024C7288B3486F95B3E4A0.png,aBUj
032_4AA0BE170CAF43C0A1B3A6C69FA3BCC3.png,CxSi
033_C1B315A4DE96480BB8319891FFC16E05.png,qLAs
034_8813A18334184ABEAC45C71D7AE3645D.png,pRJK
035_1752BFD1C2D24C3FB77D085616003FC6.png,jYb5
036_05D9CE2AE7A147AAA23FB4846734A205.png,gePL
037_A102F5752ACB44E888C844BDFB5C1A39.png,zaqL
038_9CB6E5B27121482ABD6D1E5A3A5ABE06.png,cSSb
039_B99F10FD0C014427AD25D7151BDACE04.png,FvWg
040_9C187BF9F22D47F592589DE33F56DDB2.png,Jswq
041_7F107FC9EDED4200923A2B913250A08D.png,aDd4
042_A269D1982D944A35BB1DB97C8A554ACD.png,e8gR
043_790BEC1CD84E44098F0FA8BCAE69B37F.png,5VR7
044_E0AEA8D58FE94F6299840F1FF3F2BF4B.png,Mfpa
045_AAC8B92699BC404984C36371F676BCA2.png,nCLh
046_4863BCC904CF44629A27CE5365944CF2.png,NRYy
047_8B154FDCDE7A4F599836E3DCD453204C.png,b96y
048_6C78551085C248C8A414B886D92453EC.png,3Zcj
049_05028B8334334D48B12B7B980E9450E9.png,HNEj
050_F682A69F25FB4E33BE9788DE13176A16.png,6qqQ
001_3951D2E70CB442C68D89DFD45249F874.png,ZHY6
002_323064AFC88D419F8F99E3C335DA1275.png,eJqB
003_579E139A4A904CCC9B13C9ABCB8406AA.png,V9Rc
004_337493A50D8B495BA37B93DC04678E98.png,4p93
005_19F3E1D282D14683B6038F3B61338D6E.png,b22z
006_15E0DF6696794BB08DDBDA668E7B0BCE.png,VQNb
007_44091B75E9B6494E89120852541B1EFF.png,BrJC
008_E94EE9590BB0429A99E667385DF1C350.png,ES25
009_04CF525883C44041A660C5B3F3796BEC.png,wgf9
010_6208C3A2C71743AC916CC562832D3D28.png,7sce
011_F1EA9FF499A14EFCA2FF05BE4B1AE4E6.png,AdCV
012_1AF15A2C04954089BFA0DF8DD84052D3.png,J836
013_DBEF5CD8C2534513A637B9093B7A5BEB.png,8MJ2
014_F561972DA3FB49FA9D1F973CDB34CB16.png,npc6
015_8D2EE9D5919C40288178428EE13B733B.png,Lia7
016_84DF6DCB8F934439BFC27A43B599CE26.png,nnjv
017_CD111D4A332B4EBDA73688569B3ECBED.png,5UUR
018_E9C432B4267F46A4B5FC11A1FB114466.png,LUi5
019_E8B67AACBBA04DD3B895C3FC63DE83DC.png,4aiy
020_EC9B93BB43484A6AA57FC6FAE43A91F3.png,4UDR
021_8B6A2752349F48F29690AED41254279C.png,e4Jq
022_45731A29A0AD407A8B2EFA6BA55D8DC9.png,jV3G
023_57D3BAE2A06F4A2A97D8FFAD34F3377B.png,d64y
024_EE24BA4A71FF439DB49D7D32CD624B5F.png,bzdk
025_D84D8148B8854F5FB566F046A5271804.png,7bTz
026_87E2B86BA7424264BAEFEF9A242E900E.png,z9CD
027_17149919BFB9485EA6BEBD49C2AF68B7.png,fVAg
028_D9571D3293B544358CB726DFF31BE7C4.png,jpXY
029_2E984BB061084E0297B5C8775DAC9DA6.png,n9S8
030_FF48EB377CC34114BB074880AF31CFB8.png,fsMe
031_352BD2BB7E8D4B40BB144FAC67810939.png,8kez
032_0ECAF5C91622474CA2B48F04CFEA2BDF.png,ucbd
033_9865BED607BD4CC387877D844C4A85E5.png,6DGL
034_8E32F0EBCFE946049E12CEB95FA998AE.png,kgGi
035_968E33B3068E4C129724ADDD34F14389.png,qdN8
036_EFE3EA9F80454EB3B0D87B37BDB57AE0.png,MjCQ
037_D45E2CD0A11D45BE811932DE103E0C4C.png,y3LK
038_0ED9394CC38243369D0DAF89F0999054.png,8Zse
039_054FF3894CE842D384B2030ACC2E0F06.png,M23B
040_0DDCEDC27EC2403B81CA3E031F561157.png,5kJP
041_034CF13A05CD4F2CB05FD23673993182.png,6ZGK
042_6FA58B3618DF42D496E10E12CC5A1DCF.png,iXpa
043_14EC4B3EA768473A80230642ABF131F6.png,TKsj
044_C037B4B18D4E49E3BFF9FB6E674F8430.png,4YJJ
045_490EEAB5583E44E4B14598F31B5236CF.png,C9Wz
046_E4813B16E67B41F9A93A0EEB5DF6E5C1.png,ZHBM
047_FFEC7A00D0EE472A81CF1AD35FE5D0A2.png,ZW9f
048_D37B36C8CB434DE483DA8BE8A96E5A5F.png,wwPS
049_C9F5F1C952994337B3344E36200F3919.png,Ue2J
050_D261F11C66BC44A693084EFB76D603AF.png,bnRa
001_E140C2EE8C314A2D84A51C1D76D96745.png,LmGv
002_CFF85CAE18DC409AA8D6C81E3F343C28.png,NXdt
003_AD0065CFE46448F5B1F08DD1F11B9277.png,p5Hh
004_96F1CB09FD9B4325BC647402A8159DA1.png,yHzA
005_9EA78972E7C44B06B6612CDA93BE9794.png,G467
006_990BBA2DB0144BFAB7E9012115C536DC.png,fCF6
007_1E8D13F4B32C4142A944E8342EF9B81B.png,tKfq
008_A7EF1E77E4254818BCD2A8FE3A73D99E.png,6fUz
009_5D195E864A2C40AC94973CBD40141036.png,xF2v
010_5CED652A0DB84328B3A8FE16EFEECE22.png,zz6D
011_876F8807C36640C294600DEE76FB999A.png,mu6y
012_F4063C54C9704C488C24443A257808DD.png,Bta8
013_B0D67C9979BC46088815B108CE947D9E.png,hzXN
014_6062DC4BDFCE4955828C947A01101FC6.png,B9L7
015_4DC4FE9AAF12407DB2D7A45E71786C40.png,wrbZ
016_C3548F2E19E04D92968BBDA36D453D5E.png,c3Bw
017_ADF0CCCCA72B4827A2E49FAFDC5754B8.png,Qm9N
018_64417963D42F4BA7B0DD1205CC114B6C.png,69e9
019_2759D7C123924752B9D8D68EB638490C.png,TX53
020_79C59255FA6F4700B2AB9E09DC476A3C.png,UT7M
021_AB69A431575E4A3FAD62C0520352D902.png,eqFs
022_93E2E535286A480880D58861E32FA611.png,Qg3p
023_86006892DF954D8483E475B60FA58D3A.png,ZfPs
024_FA903F5F2AC34632BF3BFCD01A4E51C5.png,UfVy
025_2725825B199946719D71461119D3EDA5.png,yZhN
026_A8B614F35EDE4A4887792F658B8E6AA8.png,CCdg
027_38229B75ABBD404E8F7CA374AAA646AC.png,VyXz
028_8975C61589D34B6D959EF2DBFE2C2B4F.png,STAr
029_961AC284F1FB4EB5A2781F6CAD8C2EFE.png,QUgD
030_13A8DC6917804B068D520D6470B97F2A.png,XTy4
031_E91C0F745C2E48078E425E09F41B54AB.png,ccsy
032_025A48828EB148FF936BD05A4E41DA5A.png,zZ4q
033_3750D52099DE46F481A36B96FF66F0BB.png,8Ebk
034_6066FA08D98946EA8E2E69E38A9470A7.png,sh7T
035_84E7E95D53BA4471B39B9559ACCA716F.png,3mHM
036_A3BBC9873F2A423B9D7BDE8F1CFE7BB7.png,7jHk
037_63E8EC1352334AF5A9DD33A92B102D81.png,Ve5d
038_904C7AAE69A54F958EBFA6D54F35B18B.png,6kuT
039_3648F1390C724DA8A487B6D5B110C271.png,eKvm
040_7EB82E0E9592456F8CB0A706D30CF4FA.png,EzcM
041_9A7F9B8A13364039A2636AB4C53C3710.png,e6Er
042_40166E9D32A7487A98259264A196DC2A.png,z3c5
043_9861F5C171B44C46970A3D184EB38A03.png,CcL8
044_E30D70AE949442B69303BA879042585B.png,dey4
045_ACBACC05467F4E8798A4C852EF231AF6.png,g7de
046_E3FCCA907DA84CC59EEE219C535E2F97.png,Emy9
047_8C71E86D159C4C04A583D7743E613FCD.png,M2yJ
048_8FEDF5FA8315446D82AD9024A625ACE3.png,erea
049_CB41E07B270046029E6AF05B6223BB07.png,QfbA
050_0ACE2895BBD94E0AA78C0A1857DC5D78.png,ZNaY
001_88FA1F5CAF244580AC3A42286439656B.png,5phB
002_086600C6FF0943A5A15BA0593DED6237.png,3zds
003_902A8A13A00944B7A5F075464E236F0B.png,Xrmu
004_934B09D494C449978368F202DE585D7A.png,GPRn
005_B57602A5785B47428898CD7676465F88.png,XrWc
006_04DCB23E4DFF466F905599AA2110CAE8.png,XEWp
007_1962798863E0457A8129F24F88B2EF25.png,aWBs
008_36718E1773AD4318B6E7E7EFCFEC66D8.png,yBjt
009_0D9EE5558253458ABCE124FCB83719DA.png,dRwE
010_E5EA639692C54607A3BD28EE06141CEC.png,4Md6
011_6C9A4261A31F4F638BDF616325714CC9.png,LNpi
012_79E356B4D3B445C089AC2A853E967B88.png,uJWA
013_7CA17B204E114292BFDBB840AF696766.png,8swD
014_3DF199D5860D4EAEA521AE182B32676D.png,HQL8
015_DA233087730C473FA163FACFCD8744B3.png,7GTw
016_09E82462612C4571B53F351EC4BD640F.png,qCnH
017_84BDF0C4BD39469DA4825D65DC5A414B.png,iWcE
018_2A423730C3A540E2A695307628CED208.png,tVzh
019_19684C6D8C86447A99453E0E41905863.png,Npeq
020_93CB136AE4C64CDB944025E29DB486FA.png,JXbV
021_0638FF2664EE40CFB10604E0ED3D90ED.png,x6Jk
022_970835EBEE174DD49E838B647A0F9449.png,JN8A
023_C594A02D555D4A1C8320AF02B7731CBB.png,zan3
024_8CF1BFC347384E77BAE02207EF923FAD.png,ZifM
025_A9457533683D41B89B93EA37D2FF2251.png,yJSG
026_A2E3D5DB5E074F3FA65800EC9903FFD2.png,czYy
027_0B54BE915E3E4C179DE45FE61582CA40.png,MPza
028_573BA25DBACD4D618C080F96E8192DFB.png,La52
029_734D37A1B3D14FF9A259B90071DE6EB6.png,ip3T
030_4BA5C1E1E6CA49479A8D077967339227.png,azTC
031_4922D5345A8240A29883BEB2F3EC5F33.png,ziz2
032_87F58A9B95F64D989773B367C2DAE239.png,rh4y
033_C0D1932A7923408C9538C8C599AE3BCC.png,iHJM
034_136924B4869D4FF9B2A31CA565CD307C.png,kstA
035_82F696BA7F4747D69B1EC7B9345587E5.png,hEkm
036_62ABC32DBE0443F4B46CCDF5ECD56752.png,J6VD
037_DE22AFB6B6DB4135AFF3C64E198DDAB9.png,2GjW
038_40952EC8EA3A400488BE2ED890DC23A2.png,J5ME
039_863681775BC6498FB032AA7A9E5D560B.png,MWfQ
040_750EF7815ED940A1AD4522E521200D19.png,mRap
041_BD3CA14370324DB0AA1FE72E6B36D297.png,JTPu
042_90C05B1749D9428591F7977467AA9E2F.png,fnAZ
043_633FA9C0D4294DF2A3743DF13BDFCD59.png,VzLA
044_E37032BC8E7B4A12B23A57DED7697B7B.png,NkK2
045_02825D6C3061460A9DE58C3ABC0D07CC.png,FMPy
046_8BF056844AA4453091AD73151CCEF579.png,pxnW
047_3B420A0138734525B029A36E97388D63.png,Eszd
048_AB468909277F484798A8F5374082AF25.png,Mb3z
049_1008D3584E3F45968D49CF9166E20D21.png,suZf
050_AC59F6830DB24DACB9C6463B29837936.png,An7c
001_6BF743AE6BA044F9AE6A5EEB3928E4F8.png,gDz8
002_0F938038E15E41578E5680061CA55336.png,gcte
003_7882A750CFD340D095ACE6860EB78C27.png,xySM
004_2D7D57B1D86249E69F53F9A7228BF2E0.png,d46D
005_9452C4849DAF4D3EBC4FFBC2C4AF8DAC.png,QAmM
006_257C6BB9EB3444FF8F6EA1C46E9B40B2.png,jsqV
007_16C011F47E9E4853925A1FC3C81881BF.png,yMXV
008_21EF8C8214754EFC8B3FDF668A8D6FB6.png,5pzJ
009_57C51520BB91479F80882ED337FBE4D3.png,skrJ
010_246B283568CC4602903D176BDDA15980.png,PxCR
011_E8B270CBE64B431987FA13C7F86FD50E.png,uYBk
012_D8AFBE8F8EB546FDBBFAEDD2B06AB243.png,jhrd
013_118E8E640DC9492E871981CA2ABDC398.png,XMM4
014_8CCD77915AF2461E8B91C4CE57B84C8E.png,Xt6x
015_01F1302339ED407C96B8056F912B3214.png,qU7s
016_F1AE96B5024A4EFEB8FF996604F45DBB.png,wW3g
017_354D185E970B4A0EAD04C1BA60F89221.png,db6f
018_D54962DFF0D84203BE457FC76641B82A.png,enDG
019_DE33A2FEA9C84B62BAE76C4DD34F75F7.png,fXVz
020_FE22D5E53E3345FCB72EE4466BD3C5AD.png,i5WC
021_7B095F5886CF40E6B6C37A87D2603D1D.png,ruug
022_594097BDEB1E434A814E4CE072E80786.png,vrdn
023_C9EE1BBE11C4449BB4E20BBC9DFFFFD9.png,hAcz
024_AC29537E65C34B70B9C3327186A70DD1.png,LeAM
025_BE482A7DA05E4B64A2E6560935D0201C.png,ARHi
026_82A9DDAB1B3248F08726573F6DFF3534.png,UbpH
027_55A61D367E0A4B0BAE0B6A01ACB893D8.png,x2qx
028_945A4CC5C1B046418529BC059E0099B0.png,Tu5w
029_3D2C1CC103574929BA51355AF8FA001F.png,PeVX
030_D8C65864310D42B1830A5E20B97B1617.png,dJL4
031_C8AE409383F64DFBA079B36BA2CF0811.png,VJpc
032_2855153780FA48DEBC407485E3D2D7E9.png,Lkrk
033_8BA43C8DFC0D48A1A86B28B43C420D3C.png,VHYr
034_B207831BAC6C46559026B4753BE055E9.png,v2ry
035_D6B7F48A82CF4FB4A5F43E91D0F5F8E5.png,A3yW
036_36590F06CFA84A37AC69810555D1EEAA.png,zySm
037_47A7D2D752B2480E915053C77DCAEEE6.png,r8zA
038_8D0CEE90BD3F4E0C9432DB50C06B3300.png,qehf
039_E53EEBBE14124622B93E01EAFD769772.png,Bjig
040_04CFDFF89EF74F678BD1301B35216F9E.png,8Ncc
041_8A285A4BFE4B49C7AD7C1D4A5750A172.png,Q93e
042_C1DBEEDB25864F8AA5551EC06A2446AA.png,qNQe
043_9DF2002EE5FE412C88F59C3AB3A97AE9.png,zmwN
044_7FA21411FEE647DCA02826285F68714B.png,dRtc
045_605999C4406545D5AB7EAB769240624F.png,bLap
046_288F5695FAF841FFBFDA00F6B2B59DDB.png,f2gz
047_BFF9BD1D7CE94378B5098F9893F963A0.png,i4n7
048_CEEF1A1047F54FA8B9577E9E243E791D.png,tZfb
049_AF51108837B244B0A0C834E1FC227859.png,zSg4
050_86D7715D6757484BB646A55B37A0CA1F.png,DK7f
001_29161E07DEC14FD48DDC813715EF6850.png,pRms
002_474A8AD9DB6F4C38A4C5019F46987DC4.png,2MpE
003_22A3802733DE4F92AC25D1674E78BFB1.png,QtZm
004_D455DABA1F5047878EEF8B178CC02AE1.png,PBxG
005_54FBFFDCE96448D684ADE159EE6EDBE5.png,mCDy
006_8E75AACD09464278B57F960D170987BF.png,jsGz
007_FD01D78683DE4F3F822EAE6E0330E270.png,CiBQ
008_ADB110C8F1C749CEB65B76F1ECF94837.png,FkFb
009_4B707B3B353244EA8D2AE3B992258447.png,DNVL
010_FE0504C581544DD5A1E8B988CDFD4CF2.png,tuuT
011_7E7581A6373E4659B08A9C31A27140A3.png,8ZSH
012_689D21CFB9C24983B02D5D56D1BEFA80.png,za3P
013_89D41D7209A842D88A2B3E6F0AC0AF59.png,zk8M
014_34C4620A31844AE89C1BFB54CD3D0DAF.png,UAeZ
015_79A8387784CA43F1A3E75DDB92F661BC.png,4gCL
016_5BBA38010BA74D66ACCD8CE8B730836A.png,iWsz
017_D631D2F41F434259B8612D24C2E13120.png,CG7F
018_7ED0BACA94BC4824A5978E29F1293214.png,AJhA
019_3D3FE0E6A246466091C0D44EBBFFB52A.png,xwxe
020_3E18413974E74583AF0A7968D8C53667.png,UA87
021_FD13C697A27D4C30B0039B6DAE2D7370.png,nqwY
022_EF1D1ABE8A4C4D379AA0C5D9689F7B09.png,WjZK
023_224C00972AA5463C885CAC41C5165DCA.png,ntfe
024_452ADCDD25D14DE3A1255AC13357BE28.png,azxs
025_80D1F5D5074D45778EF9224C1BED9064.png,vPVn
026_D6C1B2B3D5F949D8A81814039ED8A13E.png,98kc
027_A3D99A79B1A64B8886095848E60273D0.png,gxXE
028_1686D1C713054F3680758E9BFEBE9162.png,nnTC
029_B7426D43267C42F6A6DBE466A6CF8931.png,pedC
030_BBD939A6091D4CBB93854AE6B4A69150.png,FwTr
031_71D27C04DE4F4E7BAE255BC42E4D8B9A.png,Hdsj
032_80751A83411A4F6597717881DDA7EDAE.png,d93W
033_9F22608059EF47DCB208015CB36933CC.png,zpLe
034_C6460E8A21C74A61B062863AE04DF73A.png,xCh9
035_4D8371398A0C4872AB487A30A9ECA1AB.png,DzB7
036_98585CF444164E839E7ACDCF48BCC354.png,XKGN
037_4E1E0E74FD044319BD48A14E1498C91C.png,F42A
038_5F65CC4ADE6D4568B0183E4DD9A04DB6.png,SbAU
039_DA8E82EBB2054F27805476EA5CA06E27.png,Mzc9
040_DB38D0D75429421FB06C5742FF16DC52.png,xAFC
041_58A3E5A42FC442FE844826B83CDA7AF8.png,n8Hj
042_3CD2F3CC2CC64EAFBBEAB9E18A16522C.png,bNTm
043_CF845EF6F12C4A66BCBBBCF1C5F74274.png,Dz9g
044_26993E2D0DA04DC896F62B0BB3F89837.png,Pg6c
045_3E90A40B34784BB1941B519C87542486.png,x7ma
046_E7AEB9E2FCC14B7A8AEB883E62771675.png,wP3F
047_F8A15A29A0B0410DBFE446517560AB4C.png,5jiQ
048_3332844B88C04A0FBA79B48E318AD242.png,kUnt
049_ABCCA9B524DF4F178FF8BAAE7EC4F2D6.png,apaQ
050_E0A96CCB02E64901BA8A960CBDB501A6.png,6h9g
001_8C62084B9CB54FF0B14CEEEE269D06D0.png,rv93
002_2512FA78EFBF4FA1B1715C262238A178.png,cdNG
003_C0508389329A410492DBCC55A04D189B.png,NCVL
004_AB74B026AAE3472E9B53400361812B25.png,hEtB
005_E0C3ED552511400B8EE33E8DDA0BA68E.png,z3bS
006_3811C24E06124F4382FA2A093119AFF6.png,rnPY
007_9505BB65F4CE40B39746CB28170F70D5.png,ebMi
008_10D3E7D531F54E83963F70A16965A529.png,d4f5
009_B8F78621F107417DA77C65745628C179.png,qaZd
010_2F437D04D62646588593E8FD2DDF4C31.png,puJn
011_F83525634B1C4EC79FDF1C1DF503852E.png,FEAz
012_4B85AF57353E4799A47614A5DED48A7A.png,Cmra
013_D200E6E725A64F25B447FDEAC8E4849C.png,4mse
014_4C8FC32981AE4FB2B38C14A0F2E34843.png,3UnJ
015_7DECE7AA310049BEAF7982F368AC4151.png,5N8m
016_BE32B49232FE4C978FB5A35B85BB30F5.png,XzXk
017_4F91628334B24441BEA1FD4A00D29B72.png,qDyH
018_E3A96502CD2A49B68EFE43AB669F180F.png,HHQQ
019_3469B91D2F8B464BAFE4D46ECD2DB7A6.png,wDsM
020_169F78F6831A4F198F77F6ED3D06ACDF.png,uShA
021_64945E3209E549A4A26AB60F01E2B6E1.png,kTuU
022_20150364CCCE4D25BDDF54F88CFD95B0.png,YgUq
023_B37011D24D3C4F1C9960DFF3E0938D00.png,WgDW
024_0EF9041BD46B46BCB8A4F7B72539E5BD.png,mt4b
025_AB97E4AFB1D942F5941624522451E39E.png,M8aM
026_AA2772E6F51A408E8DCF0B103C52A4A7.png,T7tE
027_37D097F57C49472BB7EC57990111A4DF.png,KiLX
028_2B30C88BC1D144F992C85A73731ABE1A.png,BFsx
029_8556AA227E8741209BE0D0BAE28146B9.png,HLnR
030_2278C57B9E654BFCB5E3E93F3F76CDCD.png,TbhZ
031_FE3A57EBFC4E49A5AE06042C7AD84A02.png,2wmm
032_2928BD199EFA421DA3CDC75793EE7DF0.png,zYuu
033_50F5C3B1011D4243B1323B1A34AC0A38.png,uFVH
034_E284DF674ED14F14A6B805F2D9FD84C2.png,3BGE
035_6BB55063A913498091B5CD5963198FDB.png,FfpR
036_595447A002C943CD8A2695031920FBD9.png,5PSs
037_5DBC08D63B394D74A6CE4FF6AA85BAD7.png,WQTf
038_98ED026893DB448DAA21FDA3FD9F21B1.png,ehzF
039_56DE7705206C439CB123F78E74ECA917.png,8wFz
040_F082992F067D4B3B85F7519434738AC9.png,Pz4M
041_970979A737244F538A31C0EC23B35871.png,DfxF
042_92B8050D2303448A9C8A2C64435DD38D.png,ZZFR
043_39BCDE42CF304EC69551AB0CA423A04F.png,6JKq
044_46A9E10FCF6E4D2B89814B80F3A5A967.png,d7Lc
045_7031FB22C8594897B904617ABB998A9C.png,3bet
046_87E31636D83B4F89867011F9BCDAA5FE.png,yV2b
047_83A95CF416DB471DB1B3E73FF65E884A.png,SP7v
048_481BF4B211DB4DD68C6E1EF47C99E2B9.png,kP9n
049_4394B7593EDD4795AFE432A031EC2DA9.png,yPr4
050_04AA8243CF87416D846B3F9ED9370984.png,qNMs
001_E87FBEF84B034D22946F270E0EE57CEF.png,yHzr
002_D8EA54888FBC4473B6CDC4A3D0F64C3D.png,UH8w
003_6D29DB6E0D714843B44AD121DCE89890.png,HG2C
004_08129AB1B32E4D41AB8C34FFD85E3BA8.png,dfHw
005_F32EA66E21BF4E81A54F6339E6E7314D.png,zKRj
006_1A4446D4ED1F404DB66E13674B1E0789.png,qB6C
007_9BB3B63B028B4A4F9D5C6BA2729CC62B.png,BFbt
008_4E6797BFAF6B4F1A9B5B13C2CD7350EF.png,dcRv
009_B4707007F4A84257BD0088B2136046D1.png,r4nu
010_FABFEC19BBE44E41B0585BFE75F82EC3.png,wFVc
011_4CD419967EE746AD9107A02C0847E02F.png,g4gz
012_8FBF3F3E7A0D4639B1B89B2D867E2726.png,hWY5
013_794BED35E61C4DD79DE4F03717642EF8.png,Fvc2
014_1708F91E027A431C8CDA8F810F8DD1C7.png,e7AX
015_8C1B38ED743D43359A35836325019A5C.png,kecG
016_C47C6E7DE3054EF1A807AF4DA0C916A7.png,UGBj
017_461BF998EF2A4F09A93B569F14413EF9.png,dnqR
018_3EB90D28C86D4053843684C6E00C806D.png,LfGE
019_F4AB0D1D8A924CDBBDDDD838E3F0D24B.png,VYHx
020_2A6789C40E4B4EA2AB3DE295014CD22B.png,rsJ8
021_E9CE1EC2498E4B128F6487F205BB0123.png,SWzT
022_FA1C09F70B344B83AEE837AA7FC043A0.png,qNtW
023_E5BBB8EC60F34CBE937725D0D0A00A19.png,LF4r
024_2202B80283014AC6A7F4F84762A98047.png,NDTq
025_74D3CEF6AD9F4E2DA76AFEE588C95A78.png,iGxh
026_FC73E878CF394C018E5E577D49914637.png,65Ec
027_A908D657DD2F4A79A22EC7816B361472.png,emxF
028_4429387FCADB418EA991931045720691.png,KDMP
029_3435963824B24AD0942D0C7DB691C1BE.png,56VG
030_FD72644B8EA3437D8173AE15A48D1172.png,qz3H
031_5468269F2CED45CBB961EA29B78E9EFB.png,mNp6
032_8BF4B3B966FC4585983937E48A5588A6.png,qaMb
033_7F942F868E644A00B1C4BDAC5DEE8FDD.png,LGVb
034_9A6FB1AE46474C71887DECD587831631.png,HBRb
035_334CD3B0BB6A4D20B2D3FC0322C495C4.png,xBm5
036_6E580A1911EF47F292A50DCB9BA082E2.png,sp6K
037_52AA9C90F205431CB505C5C81250BD4C.png,tVYe
038_20AB0E9364B64BF78789E0C6314B7791.png,hubE
039_2EFD2CD703664875AF75154A51CAA161.png,7M6s
040_B32E38554E4046649FC1249AB4855AA8.png,SsYN
041_32FE86D8D5FE4FE682EB341B83A6083A.png,HPCv
042_5EE59EA6B6914F0980B2F166B21666B7.png,PnV2
043_8AAF4922595648A19FB5326C31F64623.png,PjLr
044_0893C26DF165466BA3596F1440936AE5.png,tLLY
045_9BF15B5F870C428C8FB7ACF95478E4A1.png,fpmG
046_1A95EB52DE224DBA8B84CFCCA95945AE.png,LYEn
047_4FD4C83AB8CE44D4926F78F69746878F.png,QZ6G
048_24AC5FDE88524772894A6E5077E5C97D.png,GmCG
049_66BB9A9410404FEA8CBCAD662C395A68.png,SC5j
050_6CC73262D0F845D1BDE86D99FBC7B2E2.png,dHmg
001_6AADD2EA6098422FA1B13BCB7170A455.png,m29y
002_EC2A203779264B4C9ADD515BC0136F6B.png,Ez98
003_99B4DD8E9A05480F8CFAD3446D25291C.png,gWDS
004_2DA776B1AF034456B9C73F9FA3E69180.png,TAf4
005_FA531D3755D44E8A98DF8AB717F4E40F.png,YjTi
006_34CEB631D593448FAD69237F0A8B3587.png,Th4d
007_B110A6B17A0046AAB7DD8A8E51031EB4.png,8VTV
008_BD290A72F94A40C3A1312739B2547E00.png,8qec
009_32911DCFE46140C3AB619DC8FF14EC0D.png,cMN9
010_C635A55E5CD74DA992ED62AA3C7A82F4.png,ySSf
011_6E47BE193495479EAB59C6D326C61385.png,r4Wf
012_6BD86E2C9AA040CFABBE82F8A1AD7143.png,Tc3M
013_7086469E819B493FB203BCBC914CB002.png,erF7
014_4732AA92EE2F41F1AB1F542ED90E964A.png,qBYq
015_72008628E8994A02B7FB3E1CE5D83ED3.png,EfJe
016_AC176DF33A2D44C0998A4208AD05CFE6.png,RMkC
017_5CE09F647B8A45FBA612DE516B44CAA8.png,nhUs
018_A6361525FA5A49C0BE81994F11F0D644.png,2hZu
019_12B1DBC22CD243209EAB75AA1D8F69F7.png,2gG2
020_B6948EB87DD744B48AF0366DC2D79361.png,nQ2w
021_17D52529B2F24989B0D4CBBD5BAC6074.png,kznU
022_DB222B4B568844CE97AE58121B252A34.png,tdmm
023_150CC4B04B514B67A03F34AC00C093B6.png,2e4y
024_FC203B48C64D4C1F9B28B17FB5F99FC4.png,j6YL
025_6A9B7C7D668C4DC592F7FC56C5243ECC.png,Q7YQ
026_52BF42749F854476B4D4BE91DCE8E5FE.png,7FcY
027_DFA2EFB2C0C3474EBEE35DEFB1EB40BA.png,Pz2g
028_09926C830EA34807B1A8B4C13B47322C.png,gusb
029_996EFC638E6D49A4995A1D839A32B663.png,kEvT
030_BFB01BA83C4D4B05804CB8E3327B5336.png,Bp6F
031_9FBC98722CDA4EF39CE531E73F9033CB.png,ixNG
032_B27D851DBEF749A99B755AB2DFD29DE9.png,6yUf
033_A8C814A451424BA8B800C4973C701BD8.png,c6gZ
034_90D218DEDC5342B783561DF49D1587A9.png,5Qzf
035_FCB2B637BD5F4296A77AE0B7B0CEE2F2.png,Aah3
036_8917E3063AA842BAB1FFAD528E683940.png,E6SA
037_D4FA53BB682A461DA89E6AA35C7A926D.png,WBAG
038_C0C4553D345141AA97076D869410A11E.png,eyD9
039_D8CFD8800B6140DC843A147B6921C2D1.png,TaP7
040_24A9761BB60E4AD89747339C09A5CBD1.png,D2yE
041_0817C79BF6DE43D09E96F8ED27A71721.png,B9fN
042_6195624159F74048805266907F9FCD3B.png,kecD
043_B44D87C6A2154CC3BE5B6839D6271851.png,zizu
044_FB68C6316DE4467AB9E613B486555A6A.png,3FqN
045_C8FAAA6E89284CADA78BC321EDBD33BF.png,cdQu
046_3A5DCCE0BD184AB9942869AC4082DB4C.png,pmB2
047_FD92180D1EA84C3B9C819EB8CAFBF6BF.png,eM6Y
048_F912D74E036F46CBB73425BB3D70B212.png,3iaU
049_88944C1BF83A4B2B80216FE34EB8EB01.png,qfMj
050_8EAAB009C2A54738B46EEA575DAA9634.png,WXJe
001_DBCECE687D3D4309925A373070E22EDD.png,dzyb
002_D01F5C1AC88B4A70A3A99DFBD4E5F61C.png,ujKV
003_0B52A1DC30B34526A5FAF65F49D1C099.png,A5C4
004_B7EF844453694AB8AFB6FB9052E0B1C8.png,XJhR
005_14ECB37528A04D88B1A66390BDBC9CB9.png,zb8y
006_08E70C7EC2A743E6A7194856AFC55A80.png,i5zz
007_326C6B40E45E460E935AE663E7851526.png,7gBs
008_1F672126CF474EA29189F33696D2CABA.png,QuNz
009_1BE1374159A249889BEAFD5290C2D66F.png,HM8g
010_64897E843547473A97874313B1E0AE3C.png,3p2S
011_AC5911B167A64772AD7E8CE55D957FF3.png,XTZU
012_8AA6E9EA0EAE41C897BAB9ED40F5947B.png,68ec
013_6AAF3F99ED1A4B529513D27A6A4AA677.png,s62J
014_17DCE5E1BC5D464CBC09F898AF194EC2.png,rgxW
015_B0AEF41860E3493EA5D5E94A0C645CE3.png,EWGU
016_3700B45DA4BE493D9784294E21DED4B2.png,kK3f
017_650C5A071C2E44E1839C1F7900657A48.png,a8Nk
018_C74119EBD4A944D7A594F661BE860E0E.png,FcnS
019_D5886170792C4AB1801CDB736B5EF53D.png,eL58
020_69F8C98C8C914D63B733E7E1D585D289.png,QnaR
021_635F1D45E20C4A509EFCF0E1020CD3A8.png,jpty
022_6FB52BCA32F0465A822A9E91E1C16009.png,DReK
023_711D7E49E83D42F582EA00B4C30B7547.png,cKk8
024_7F13BC49A84541C4A501C2CA5332D8C2.png,NzJL
025_4BD6B1A0814D490E9A15651F3DD022F6.png,JS8n
026_442DB0E7895141BB8E24FD6B73DA7ABA.png,R6be
027_EDA562B53F7E4766A3AC07E6FC2924F8.png,TbPX
028_76A374B0EC664F19AD15EE98ADC3FE65.png,Zjkf
029_CB7638DD6B2745E29E1C03F22CD70E19.png,yvr9
030_475DF9BFBD874793A74AB5D92AF49391.png,P7yz
031_CA0FF4B2D3D94E8C8C3907BC88BDFFC5.png,QEyH
032_829F407A66F242D0BCF2E63856650324.png,SzPY
033_9C9B2FE696E94BCEBB1D51C2936A279F.png,iqUz
034_EB09F95B525F45BF883DD60BA5D6BD1F.png,eqKp
035_B6C75E15D9CB4AED9A75EC2B5075889B.png,LzCT
036_2071C5CA5FE24BFF977ACE19785200CD.png,SdMU
037_6B2C09A8D5DD4D56B9EC3EA524270850.png,tVVB
038_5EC08D3AE1D94AAA90F0F4479B9E0155.png,rUvv
039_A85083ABB5FD4AD68908521FC87E63E2.png,vizH
040_06CC4EE2A0FB49E3AFF48E4653DAA0D9.png,hM64
041_A6D7050ADE06437086F3EB8DB10421CE.png,ghz2
042_9B265684A72C4576A0D11822345D254F.png,z6Qc
043_9D3B50170DC54CC3A58F0E4A17BB81FE.png,hA8z
044_A77038324BC74C9BB81D585D2F573AE2.png,7UjA
045_4BC458A3722D40F4838E731F001D3909.png,CAij
046_4DCD1A92E5344699837EA2875B3F350D.png,FMNP
047_A1AE4BC6D04A4776948D404FCD8CEFBA.png,QWbR
048_D65CE06D178C43DBAB7A3247386E5676.png,cwcs
049_C88C3CF5765B46468C3A73F64BD7750E.png,vTnU
050_CC8EA0E22221407F93F6E1A497FEEBEA.png,BwA7
001_B12624703DD344D29C99D42F5CF0E969.png,UfQG
002_EBDBB6D269A14A0CBA0B26EDE8FF5350.png,3RtN
003_D5D06D32E7034D5191256E94BA6C8FD3.png,52fF
004_E68BE34E2C5C4669885EE73798A5B28B.png,gaA9
005_5EDECADDDF424EABAEB6CFFBC5DFDBC2.png,Bmz5
006_B204AF5025954D19B3D0212734882024.png,PQKk
007_D576BF3CF7DD4D81AF99C618C9788390.png,7mth
008_0D7FD87749A7430086DF2ED3871A10AD.png,WGsx
009_658B608514194144A13D59EBB1BA5233.png,49pz
010_53C0203BD6B14B318824ACEA9316F9DC.png,49bw
011_33E8C49EE36D4E10B2003292AC104FAA.png,yXvp
012_6CBCB95BDAFD4B6293F886D37DC19774.png,DYqz
013_E92855A7513B4A7E8CF257AF0CF075AC.png,5bcb
014_71410FEAE463417986444EB61F84185E.png,Cex9
015_669E3C5765C64261AB812615972DAA93.png,3iwA
016_4A8353B3D03244D88D72AFD6585C66FB.png,emsH
017_953543D01B6A46828F46BEF4BAB9C49E.png,369F
018_189A2D2A3EA24C8BA9D5D47943B5BCCE.png,uz28
019_99A6ABF3DF0C4923B26E18A368972EE2.png,iZga
020_350C2255B41A422BBAA8891D91C1BB88.png,zAZJ
021_0FF6A611D3C241FAB77CBDA03B84B5C2.png,VCsQ
022_928DC36A993A4B198CC68D831FBEA578.png,y3yn
023_694F46175FC74C0F910B0C7915778BBF.png,k6Pd
024_8F97DCC32880453191397B0A77865F0D.png,5Rgz
025_94F35D332B84453FA4AB061AA1C9F07C.png,aA4i
026_E1A9680D57F44922926F013170D870B2.png,dkjv
027_84E448DB94AE474C84DF911CE7AFDB78.png,BRNE
028_0A901C34E802420893A8DFAFB98C7480.png,EPzY
029_0AC6A7D432C54F31A2A3DDF648063FA9.png,tedj
030_5AB142E9BC264BCFA949EFD79E92455B.png,cEaL
031_B728488EF2D149D8A7C09E8938603A5B.png,p3Yv
032_FE60F512C6044E0ABBD9A13FF3752E06.png,C5Pm
033_E5140C4DF1584C918909983DD3F8C4E5.png,XQW8
034_3D9EB77744EB47CFBB365D899541694C.png,JAhh
035_EBEAE0713834436195F31C789077CE90.png,UWVr
036_C09694AC60954A3D99F42D1670E3D08F.png,Whrt
037_77E5F5B180104C6A83C818E9B05F9435.png,Rrig
038_8818EAA3E3C449B8B1A20C4E53C40EA0.png,MLMG
039_72B326A4F9364FF3B11A7896335AE19C.png,b3WN
040_A3BDC223A025421DB17BC8A44E8DC4CF.png,Dwsh
041_404C1672967D48D3983B2BA6D2CD8BD2.png,5wwu
042_938A5CB93EA542DBA487DB3A310C4014.png,BqbM
043_3203463A0EF9444181A2070C40DBC187.png,5z7j
044_AE710C634D2743FB8D511807E66534B1.png,tKj9
045_A9D574D07427485194CFF059DFAE11A7.png,cp6f
046_EDB76995740345AE84A1122C9DC565AC.png,hgJW
047_AF48456C26044D52A19ACC5615EFC881.png,bt47
048_7AAB1C9220BB46F59536D42DFA795EFB.png,mjhx
049_BB63A18EE1D44BEAA37BCACE6981F9B6.png,n7RH
050_EE72E539692142C6AA3FCFFACF5E1143.png,QTRU
001_C8B1E8A02EFA42799144CAA2779D0D97.png,5yZv
002_0017FA226A524D6D9BA6F1D290801D04.png,JP2j
003_17402D333E3446B2AD63D84A1C9A69C8.png,BwNx
004_42D034C35FEB42F188A745FB4767833B.png,MCRc
005_DE575D43BB424A79B364C227B7569DC9.png,mVyK
006_2CBA806796B249999DA983BE80787BBD.png,rb87
007_7E3874E0476E48D6BD6DABD6C615CD0E.png,hvPw
008_FED08286612A4DABA932E088496AE7E2.png,zFq8
009_8E7D4DA8CE5745D4846B3F4E33D66C0E.png,u6Z8
010_C1F67B66C82649819EF54D0F8FB8D700.png,4nz7
011_1D41ECBA8EF8466BB1EB6A3D7FC3DFAD.png,Tfxv
012_33ABC0FBF79F40538B2C2E80CD0FE903.png,wbrF
013_CD0D632B4E334202AB81B84B2E74A5F2.png,MDMZ
014_0301F7E64F414350AECF52EE91F6DE6E.png,gwkQ
015_61A2DA9580CB4BB38EF2EC890FF2A92B.png,dpiA
016_EE309A251EF24FA7BB7A46922C3D8BD6.png,npQL
017_BD80FC6373AD48AAA133B05B83370FFF.png,CiXs
018_F31ED824C1A14E91B894319DB0ACAC95.png,uQqk
019_7CBD80F294E5451C8E2C12E0CFEAD226.png,gRV5
020_0EBFD6E9C72F48A695084E55A8A1C5DD.png,iDzz
021_5F997F13970342A5AF5881CA192D3F1F.png,NZ6Y
022_5EEC5B58EF7B407495D786256A3B4525.png,2Qjx
023_10B6994FED8D454691BE36EFAEE03141.png,5SeL
024_4D300046660F4B359076C4E88152D039.png,6CAr
025_1BFA1BA92F334CABAC59EDCD12F163E6.png,4A5P
026_3E0E365454474EDB8070BF0ED9CF0004.png,75AQ
027_F202C6B8F41A4BE2AA83F7FEAA9206C4.png,4WMK
028_7B80833B329F47109BD5FD1C439FA5B5.png,xhVJ
029_E86ED1EB21414D12B406A76DECD794F7.png,snSd
030_FC56D3CA897047F8ABB7DE308370FC7D.png,rFk9
031_B9E215E5462946B2AB5763A5A112CB60.png,hjvt
032_21A8E4356CF24FB4B7AABB391A71D2C9.png,q4tT
033_FE737166A0404A289D93833FB6690C48.png,ctLS
034_E60E32CC8CA041CB912BC0FEF7802778.png,vpfe
035_0CC9F5D7AAEB41C2812E1D0D94826C44.png,NZmr
036_7CF3D1C3B2E54986AC9B1EC34797816F.png,yLxF
037_C185103DC7BA4A4DA08F22F03CA9865E.png,rbAG
038_BEB912EBB6A6404898F9ED29CA2C6725.png,RVFh
039_7682511EB16C48E6B7C15C65D2D014F4.png,JBWj
040_DD23E0E02A144F36A221CF74D5A36B58.png,Ukz3
041_81374A2878B34B08981209E22C8F1B65.png,AkcV
042_8410F667E8044CCC845DEC89F25456E4.png,kTru
043_8FB0865FC3694F448A5E1A6BAE33A88C.png,5d35
044_18292C355860459B9CC1C58D81E12318.png,NYs4
045_2E674304F0CC40D98359B83F3EC0D70F.png,L5zE
046_AECA174CF2D14338AE330056C9BB7146.png,ic8a
047_A911DD0BFF01471E973FDAF5F8A648B1.png,BFAT
048_46CF910E08A94E74869E533BCA596266.png,9bv4
049_3AEA511560B9406E86C750EE9BE20051.png,k4uZ
050_41E9410C1C71409AB2422591BBCC8174.png,q9YH
001_385F2E7F98D94256AC48C602678E9767.png,AFmX
001_4737EE1EB396445089345A5DECB6B278.png,JpmQ
001_6E15480CC21F4F1EAB021C40F08793D3.png,RGuP
001_9CB0AD28CD364B3A8877176A3B253044.png,5nS2
001_B1CECEB1B2414E4DBFA926BB7C483C3E.png,4N5s
001_B768E4AEC57448ED94391C76911EA4A5.png,4xvF
002_6CF6BE9E7CD043AE911CD531EB84AF0A.png,6Wii
002_7EA270331DCA43BDB01F44B94CD003AA.png,sv58
002_9D9E5D567C544E16852F21B1DB3533EA.png,7M3f
002_B528C9EE1D6B45698BCE9D67A4342EF3.png,xtPG
003_894826BA36C548AC822FA4BA5D4A8EB7.png,chgr
003_A5140FCBFA9B4568A4CD27B42622ECF4.png,x5bY
003_FEB870AAC7064DDEB8DDF56F8B7FE357.png,yDqR
004_3E55991DD295457DA797265CCF9924E3.png,Y7gy
004_40C82223FD814BA69B5A67277152F99D.png,B4Wb
004_CFDA5A5D851543599861E2D102722C3D.png,5wGz
005_015682D3F6104E1E90D20A4BB6DB0A0F.png,C227
005_4F623D058B10438085EB3C12FFE4E248.png,J3mm
005_9489C2D600DC4EB990C37939C0837CC0.png,7f4r
006_300799F7C75A4631AD84E703DC06F9FA.png,VYPN
006_76FB6E75952F4B3692F9856C0F06D757.png,PHFa
006_C0B1D950682141E99F11BCDF7FFEC7B3.png,Wxdc
007_43801E501F7A497582DE5711CA2CD90A.png,a7DG
007_5E195C8C1CB940179E38B059C63BDF44.png,wAbB
007_EA90F81E2D3946399F2DDDB0DA0DF0E3.png,HMei
008_870D481474524D1D9405CE6A16361D95.png,yRcN
008_9632ADD16A1B44E981F67BFAD8CB5CF6.png,8CGt
008_BFC1034733B046A1833966E75660C25E.png,JndR
009_041008D4013B4972A802BEB4B363DDA1.png,FC8G
009_8F21D8D908A541669E9002562A714791.png,7Fa5
009_9F5FD96E88BF46A5A8B6CA8C81EFB82B.png,9Bgx
010_06485CEE0F8E43528D75EF6B43408950.png,maku
010_A82A42DF31F14ADF9626B355F976C5F9.png,hK55
010_EFA26EEF20C24335B2F4F253037E69B8.png,ZzvW
011_9326A59615D049DD9682005492728C32.png,KtPA
011_F832EDD5817844E28BB523DA704CBB02.png,7ThF
012_4BADEEE15BBF457383ED883FB08BA16F.png,jsqQ
012_CA1767D1FE68487AA685224B27459024.png,zpWD
013_0145916AFD9B446892934EF5200E8339.png,UggH
013_C9D4D6AE47B045CFBD9399F68077A398.png,LA4C
014_561931EA79344D4FB8D6D62EE6BBF4DC.png,eKcJ
014_FDB65C0ACE6744EE92F11A7D8F4A00B1.png,Qtkk
015_2C830F3DF78F4E759F933A4893141B2A.png,DTuu
015_DA29478C343042AE85DC27392A917EDA.png,FNcD
016_38A5543FD48D45ADB97AC604E37440E8.png,kUYn
016_8AFDC0B12E324390856D344762EDCEAB.png,x4Zi
017_96E6F894F88D48E9BAD4E086B40DD3F4.png,rUAj
017_BDC91258256642C39DA037FC482E34AF.png,4fWW
018_AC7421EAA3BA4F27AA8C5A81907F8C5B.png,MMWQ
018_BB3835AF0FD14BCA9E9A375B2EAE2739.png,CMdZ
019_60DB54B69C8E491FBACCEC1C73684770.png,jYNQ
019_685DCBAB9CC64087B29B1FFFF7D27D8B.png,bSdS
020_2B41DB1137EA4381BACDF2C2C73A08A0.png,QAXu
020_7EAC89540BA64EBCB1649742E0027AF6.png,P8NZ
021_67D0CD329190439C860A600DA6580CC2.png,N89r
021_DA2A1916ABBA4D22AA95222B915CEB0E.png,NFy6
022_5E97C077512A40D8AA4561073E07BF18.png,uCNS
022_B2D3FFB564FA43CD8FD90CF922C42930.png,nBzx
023_03C8C38DC4D74C07947FE0DDF9965359.png,tbud
023_E0B668FE641E4AEFA89D8DEDDC0BD33F.png,Hiki
024_30F28BC8778B4AA1AEA31F78743E534F.png,aBgp
024_A2D2709A50024BC2AC1C64028DB07FD8.png,Rf9g
025_7AE73B82E29B49EFAA50C79B94E1034D.png,ZEGC
025_E7AE6B16AFDD4B3AAE7B51E76C21B10E.png,RN5W
026_D57843476C974F20BA9B4805D4B0BD11.png,hGvT
026_F8EF90E882004C4AACB2384AF00F1751.png,hGPV
027_BDEE0B7F4742482FBC2ECC1B7C8C4A14.png,uFVN
027_E2765DFEB7C14EAD9F2F3F4DAC7A64CB.png,ezuB
028_B18251519B0B4D45A209E01276E7B096.png,qzfc
028_CEB81054B2B744B8BBC2E74A48B008B2.png,TEiu
029_2CF209E012844107A406291E68BBFE0F.png,WYtz
029_ADAD8FED520240DCA2D13F558898AC50.png,uVy5
030_38F4AD4C007E4B3C9DBEC5BD560C9CE8.png,DZYV
030_B41AC5570E374783ADBD10FB08D05F6A.png,ZyER
031_312052C34DBE40A99D326FD3177869CB.png,pMcY
031_528AF52B77B244FC94D5A5A6B6581F27.png,J6NQ
032_F1BD5DDB51DC4A4F93C1A3CAE9042C2F.png,7cTq
032_F2DA83DA60AA4E118CEB625D8C0FD071.png,eB7G
033_A8C421ABC9BE47BABE087FD1802017E3.png,66ZB
033_F8D442EBD6F54CCA9963D296331FA2A0.png,8Jxq
034_D94B01E8C648419792A74537FD0DBBF4.png,Uy5b
034_E04378B816444F3FA95F4E3578BEC9A6.png,fqBv
035_7499A06DEF0E40439CDDA1CA08A4E1C3.png,hr9U
035_D019052835FF486ABCB81C6E69528E84.png,ekHu
036_0B71F91DBE00423CB4B2FF23D40864FC.png,vZ9Q
036_9C3B60297B934E028F01AA37EC66C2B7.png,dPky
037_3E072011AEFC49D0AEAB0B87296D245F.png,mLBy
037_DA46BE2D93104195A0883568F5B0835B.png,squF
038_1C3FEA23BD7D42A7A63A7F2EBBC03253.png,RVqr
038_5E862A3BAAEF45CCACAAB4EC6620E034.png,ujjt
039_328A735B4BFB479686E129556B452C90.png,xG6y
039_E8084CA5C33F4A938CE74CE58F9F05E5.png,CPMx
040_2AADEA5309B14DD58C8DBF1FCC852089.png,PpxW
040_EC4C1108157244FEAD2E750192B636CD.png,NLR2
041_15C74DA420AD458E9A373712799ABE09.png,2hQL
041_DE9048255AFD4F3981C6285D6AA5A9E5.png,AmuD
042_1D7BC1301B9848FABC434A50140E62CB.png,JtMd
042_C26AAF591D424FE8B6BF4749516636CB.png,jtMB
042_EB8BB49EF7B946E6AF58169AD6B8A3D4.png,QUiT
043_2C69B92B736B423DB0D91FBD9D09555B.png,zp3K
043_E04B5EB67D564F1387C4A98B66E5F7BF.png,dWUr
043_FC059D617D314FD8A5CA1C809C100DE1.png,GrbS
044_689EC994AF69466C9514335A865F1986.png,hEYV
044_B027C71F6FBD4F7D9C7F8180A33B77B0.png,wF7c
044_CA82B890B05F42D68E4FD6AC78F2E2E0.png,MUcH
045_0BE2808A3BD043768154DAC7C6C2E8E0.png,WsRK
045_1867DA697D22476DA298B1FACB8CD8F6.png,Fs2V
045_88240FDE15B04839BFD1217C9691901E.png,g4sW
046_06C338C21C1A461AA02FD9EA29D998BA.png,72n9
046_0DA15D37D02845F7A4B5626C472CBC3C.png,5wue
046_329C4F35056D4B49B9FE98AE33D30DE3.png,YwfL
047_1A62366C2C3249B682187B4D8EFBFC4A.png,E7Qy
047_637D657C284546F28D11B556F212481E.png,UG5B
047_6886AD63A1F0472C9CBB912955F317AD.png,BdB2
048_6E031C80AC7347BDBC7D759AC04B3588.png,wytb
048_9092C9BAC96F469197397506B3504125.png,Z7UR
048_DA2313D5E7344ABAB5769DE2E728E4DD.png,Zx7f
049_AEE90F7857E7421D84C4426BE0D6B952.png,wmuK
049_E840AA567B06434EB7AD1D7366C729FF.png,w2xa
049_E9020BD8806E47AA8B2C97C1FE626452.png,ekgd
050_64FB10109A354000AED5DD3D2D301321.png,r2HJ
050_9FC6BE0C89D345FFB9BD2D781A3E03B9.png,JLy9
050_E24577CB7372412E944333DFE105C130.png,37kF
api_001_CBF34FD8B51E4071BD9D2CA1389E52DC.png,wSTJ
api_002_407A2456E50042B29492652C8D85627B.png,wiuH
api_003_8D62DCFDEADE48369C68BC4EB9B4F431.png,GAkm
api_004_47FD95C51E844425871E8A8141CF0359.png,dmJM
api_005_52D96F85035B4B049ADB1801A7C90477.png,PGpB
api_006_120865E807B4451AA9A6C5247FE76341.png,xRFy
api_007_5B80154A08634DC7999C54E8AE96EA2A.png,XneS
api_008_A0919C60C4D840CAB24B0A58430BD336.png,Mszd
api_009_9E4BC755112C45508BF08A95DA1FB598.png,M2tX
api_010_1307544795604030BEFAB0B00AC828A7.png,w5wV
api_011_E45426DF21F242C7B4CDA76A093B609C.png,mEeC
api_012_6DCDCC1AB5324E42B417438F490B5F0E.png,SVMc
api_013_A72A5B25687F4DC6A81DBDBF972E76DA.png,eDJG
api_014_C70BD6B9E99B4A23A73CBEEC22D4FD5E.png,sSTX
api_015_C7C039BEDC3043BCA28E577B0BB7F561.png,ew5W
api_016_BBFFF6A5F1904DF2B8B5A3BE2530425D.png,Btgs
api_017_D8A44B40DC8F480ABC695B352E5DDD48.png,Cb5e
api_018_E3EBA815CD194AC5A872B9AA458E04BF.png,gjA4
api_019_5725B526A7534ACFA8FBD95C943A640C.png,Rs7t
api_020_E3BFFEA832434F9E9BCD85C0F1F87C75.png,VxGa
api_021_553C22E7EE1D409D94D22AE51142715F.png,76QA
api_022_4963132B8C034F6EB66744D2D913EB39.png,UjAq
api_023_4105E49045E0406FACE21D67070A0150.png,jjNd
api_024_2993D290F96844728C7FC6054ED295B1.png,eRR5
api_025_1C28F128D24A41B29CD05E7867792471.png,NFjB
api_026_A7FD92B4AD5E4B7780C7F9DF904C0D5D.png,9V7D
api_027_F00249F941834AD0823BDF642EE97652.png,ngPm
api_028_5CE65AC7076346C6BAB9C4B8CCB666D2.png,giEM
api_029_A84C03D5B43040E18836D138BB2C81CB.png,zZn4
api_030_265D1AF8DD0242F9B1E332657E04A016.png,kuuf
api_031_EB5334A3B01B4DE0A63B3564160C5348.png,WVkz
api_032_95E5AB46560547CEA5928B873A793E76.png,de86
api_033_02CD9B524A224C8891AE6DC6FFB20213.png,TtTU
api_034_62480307087A461EA270C787ABEFB855.png,qKVd
api_035_910FB836F587481E8095CC0A09B41731.png,javL
api_036_CEF293E643F244379FDF7F1A543C9751.png,jrXJ
api_037_2ADBF53A08844A07AC44B21CDB57238D.png,5WwC
api_038_3E447A29E1194702B7AB5038654BC3DD.png,z9pi
api_039_769088A7B59047419FF4789BC575DBDC.png,n0nY
api_040_E71838A303E5466D88640DC824048B01.png,tPdy
api_041_90F417677B2A478CA2B925B4E8B891E2.png,mcxx
api_042_AA936C6BCD3C45CDAF6884B63438CDBD.png,5gPx
api_043_260668B13F154ED3845DBB12340DEA7C.png,Bzbw
api_044_6890D5E691524533B8CBA149CFC40B15.png,g2u9
api_045_F617A8481F2649C9B301B4476665FEA4.png,yXF5
api_046_2D29488C920F4BFFBBF44AE25EDD3856.png,Lv84
api_047_147A0AA7518842AC9D4258D1AA068475.png,EayR
api_048_9016445E5E564E4EA2AA008CA62B14FF.png,NASU
api_049_C10FC9EDAE95480C8AC60D3C42B029B1.png,AtXH
api_050_A1A7B12D05074C94A99C62DD49F946B7.png,iywN
api_001_1FCA29BBE2B342EF9D52E1F05F82E389.png,fQvD
api_002_361B95268D804E3E8E6657323CF261C4.png,taZE
api_003_92D651F2E6D04EB6BA966CB451B52A45.png,f6kS
api_004_EBC782D89E874BCFA409377EDA8A58FA.png,RpLz
api_005_3FFD24BD1252480BA94626DACC573B46.png,nuRa
api_006_244CCF7C9CB04F6989100BB76B21C9B4.png,SBxt
api_007_C51554BE0A154ED4B88B944F4F6E702D.png,ndKi
api_008_84B1F94BBC874EB4BB27EC3879BA4FDD.png,uhQb
api_009_3D1D3BF2D1B14CF49AA6EBF1DAFF50E6.png,ZZ5d
api_010_9BE28EAE99FD4C59BCC46E6D52D40C70.png,qwU6
api_011_9C0C940F231C45499B23667F29F6BD12.png,5raV
api_012_8FBF4B56A156498B9C60CA6C8B2DF49A.png,iQEN
api_013_6CF2325ED4144B918437A1B50DC8EF61.png,pjH6
api_014_5A46A343796B4550A6F7FE5F058C5494.png,2qQU
api_015_846432817A1A4DAD93C8CD3FEEBC1C65.png,vyvi
api_016_685AE42A0BB34B5C90FF0D4E1D4E8EE0.png,hT33
api_017_17E9A2ABCC82444F96D9C3112A97CD1E.png,ewKR
api_018_5ABEA6F4A25A4A86AA2C2FBA0650FAE1.png,zFX4
api_019_FA718EF25D75458FAF2ED12A1BB77844.png,D8jA
api_020_159CCAA82FF64570876CC37E1E84FEFF.png,TuQm
api_021_AE5E2B98C9C44C15A90358535930E881.png,KfWJ
api_022_33FBA56B5F1C4D3090C9AE22B1160BE8.png,EsGD
api_023_9A6DA8B6980D49D9BD2AF6AD3B1924BC.png,ZWK6
api_024_98B65419DACE4D0395B70CA35C99C19F.png,rjFE
api_025_00C31FC50C754CFDB7777F5B4219096F.png,mLVn
api_026_499DAFB88322480D96EF1241A65D4674.png,NYby
api_027_BC59CB3E6914426D821181681A8F80D0.png,sr6y
api_028_2187752053024DB590E768459904802E.png,TU32
api_029_824DEF21B00844F08F4979D1FDB55935.png,Kj9v
api_030_D0651BBEAAD04D45BAC11001456D4EEF.png,ZQGe
api_031_3B061E66A633427EBE26E26C5E8575C2.png,PMNz
api_032_BADCC0361242474DA3E638EE87783DAD.png,UeaB
api_033_21C715BE87684664A3BD24D903139FFE.png,djkV
api_034_0764A06A77A741C29582B96B26DED83E.png,PHms
api_035_A1CD614F17F74BA6ABF8E7FBFC4D62CC.png,H3sn
api_036_A97166825C7545C0995F52642A90EE4D.png,StsC
api_037_3AB96CB482104C8896D43838ED50EDD3.png,cJ6t
api_038_C73ED3CD44FB4B7582DC8CDA505B142E.png,epjP
api_039_A7EDB70DE6B241509B700C51D5CF125F.png,daqM
api_040_061C07ABAA3C4B349EFB33D4A1099BB8.png,iQKQ
api_041_A37513FCAA3A43A7B5D4028ADC78F4FB.png,AWFP
api_042_E380F071C2EB4540991D034249B8141D.png,J5jE
api_043_2B654C729D72431FAC502C860C214087.png,GsD5
api_044_296BA4C882874E60B9C8218A13D22458.png,3kwp
api_045_D469D1CE6AF1406A88AD3C9392E6E998.png,mfww
api_046_4F0ED59BDA724643913D841C7E58E8F0.png,5aiA
api_047_4BB33B53CBC04BC7BF4F367447D6AD8D.png,LhtH
api_048_A26FE815601344A8A8D239FB6A76BDEC.png,qpbC
api_049_60810B9060784B3D879CACA063229D4C.png,fLW3
api_050_801163E8C71E43EE9E4379F20B2A222F.png,5kZX
api_001_C99C8DE8FF5D42368F40E059D716ADDE.png,UBaw
api_002_4D8588A43BCF48FC964899E69BCB1858.png,5v2u
api_003_15F96F36585B4709AF7A3B7C1B9DAD63.png,qWuL
api_004_E12B9F6AA5E14347B2C7FD79E45F9DC9.png,hpLa
api_005_AA59B84BB8DB46DA974A3E9847EF6331.png,k2qE
api_006_FD1A5B2D65AA4F5D9FAA77E3C2C697B7.png,q6BX
api_007_96AA5E8726CA4DAE90B85C40671EC34E.png,T7Af
api_008_05C4DE3995F1467B9726F83015F3C01D.png,meYN
api_009_D70EDF064E4F4EC2AC54349FFD3B15B2.png,viv9
api_010_43B4C4A410DD462B8C18591C7BE0078C.png,7JUH
api_011_14D27E9514654AAFA715C51FBC63627A.png,H3yx
api_012_83A59C57298746A780CC3A2B0DB00911.png,fx9A
api_013_5322FEBA4B0F4D33AD886F5FA0C21D2B.png,wgQL
api_014_556133CB757343BC892CAF661C70B08C.png,CLmk
api_015_A4223FB052F2453BBEEC48659D638977.png,NFuV
api_016_63DF4F57601A4CF5881774D1B51826D2.png,4Gk9
api_017_47B1EFC0084E4D00A34733EA08A40DA8.png,Kzyp
api_018_C7448BAED8A946BBA36640FEE47D555C.png,wEZR
api_019_8BD7460D93354B1AB018ABFACE14250B.png,PfRD
api_020_0F44251CAFD4494EACA92092E04EB973.png,haiz
api_021_8A6842C8094D4C2CAC6E1E67C95B8633.png,mGCA
api_022_0627F70EDCD14F70B87E0F56D1E56AAD.png,YNKh
api_023_F4E0B109AC904CDEBF68FC0AE5096D0C.png,eHBb
api_024_7D8277DE19B44D989954F65E263E776A.png,LzGz
api_025_BA002F88AFF5437FAB26631DFB609A5C.png,dHeb
api_026_961AF8C677E647BEA0B5EF0FF0C2112D.png,Uv24
api_027_2845CC9047E249F3B19C4537C4FE56A2.png,Pph5
api_028_390AA6CD3A554FB19277CAE1A675EB37.png,63fZ
api_029_85BCFCB33771487C9EDFA3006CF53414.png,pUei
api_030_D060779533BC409288A4A8638486025C.png,RGg5
api_031_1EF09CFF519647F7808CB2F6DAD758B2.png,pR8K
api_032_774EF837D9A242E5A57292E861BEC84C.png,9pqv
api_033_9D81C02BF8114C6790325D4FB3C92BCF.png,WJCJ
api_034_C30A812D81E7402FA6B1CE456A0CA650.png,r4wZ
api_035_C89D6E35973D4D9094BD95FEE5C5AAC1.png,FVds
api_036_DAE18438DE0B485FBCE01471BAADCA02.png,i4i8
api_037_D9CF530AFC554F5B927140D43AFD9CBC.png,HUMu
api_038_A974E048C93F4C759173E5898F104FE4.png,rezj
api_039_342E0B41ED444C9992730BF9A173DEA3.png,NvT5
api_040_EE3CC24D8242452FB2D2839E17ED2B6F.png,HRbA
api_041_D4D9DB4A7E4B46AA8F7A0A513BE2CD01.png,M7Lm
api_042_9565B19A77BF4A9F8E7C9B6CB7C7EB02.png,9chy
api_043_00301A7C290845958FBCA24BD717F76A.png,FmV8
api_044_654D223DA2484CC7A4F77B34CB501549.png,x8Dj
api_045_47A62A09A1AD474BA2D40A4EDAB11B11.png,2BCz
api_046_B8A1D49063454AA3A5CC614EC1601EBC.png,JSZR
api_047_D1A89F3FFBEA4CAE9BD1D22C6FAD40AE.png,eBeB
api_048_43A15B9A6C7240D4B9370D3170C18F86.png,Kruv
api_049_4BA98AB7273B48798E097B027A3ADF68.png,TJdq
api_050_9EAD67B12D914C4FAC5CC4006CF6A3FD.png,7w8W
